aurorarivers@gmail.com aurorarivers a9fpPsTL
eliasstone@yahoo.com eliasstone JR28eFDC
juniperbloom@yahoo.com juniperbloom Mk6uKuZ3
silasoakwood@gmail.com silasoakwood aknzf8PW
lyramoonbeam@yahoo.com lyramoonbeam Qmut3tGr
caspianskye@yahoo.com caspianskye mf3Gd9aY
wrenwillow@gmail.com wrenwillow YtTGTAS7
wilderfrost@yahoo.com wilderfrost AuMJ2bhc
emeryember@yahoo.com emeryember THAR9WLu
hazelhawthorne@gmail.com hazelhawthorne 826uYt26
rowanriverstone@yahoo.com rowanriverstone yVqm8Zzn
finnzephyr@gmail.com finnzephyr v8R7zuU9
amaraaurora@yahoo.com amaraaurora 8JMtHZ4H
leolionheart@gmail.com leolionheart Nj6SMHVE
lunastarlight@gmail.com lunastarlight XqW8fLgY
jasperjade@yahoo.com jasperjade mfQKqWN5
novanightingale@gmail.com novanightingale 8LLBTwMy
rowanredwood@yahoo.com rowanredwood 5pnnEHVq
indigoindigo@gmail.com rowanredwood 4pk6eBXQ
ezraevergreen@gmail.com ezraevergreen fez2c3aM
coracoral@gmail.com coracoral 9nK6WRBz
kaikingsley@yahoo.com kaikingsley q5aeGwGv
wrenwrenwood@yahoo.com wrenwrenwood S8J3wZLp
violetvioletbrook@gmail.com violetvioletbrook Mg4mnzMU
finnfinley@yahoo.com finnfinley RYd9pRGQ
eliasember@gmail.com eliasember 6HRPjwuG
auroraamethyst@gmail.com auroraamethyst T9ZBHy3y
silasskyborn@yahoo.com silasskyborn SXFzfWr3
wrenwillowbranch@gmail.com wrenwillowbranch FFjE5gcS
juniperjuniperbreeze@yahoo.com juniperjuniperbreeze NQRT455s
leolionheartstone@gmail.com leolionheartstone ye4D66C3
amaraamethyst@yahoo.com amaraamethyst 3GsBss4P
caspiancloudwalker@gmail.com caspiancloudwalker GG7SErZY
rowanredwoodfire@yahoo.com rowanredwoodfire VHDnj6WD
finnfalconheart@gmail.com finnfalconheart UjJ37qB8
lunalunaris@gmail.com lunalunaris PbzJ9RZd
jasperjadewhisper@yahoo.com jasperjadewhisper 65HywzCX
novanightwhisper@yahoo.com novanightwhisper mM5JczQA
indigoindigocloud@gmail.com indigoindigocloud 6e9TmUPv
ezraemeraldwood@yahoo.com ezraemeraldwood Tq5DuagX
emilyjohnson@example.com Emily Johnson p4ssw0rd!
michaelsmith@example.com Michael Smith securePass123
jessicabrown@example.com Jessica Brown Brownie789
davidwilson@example.com David Wilson DWilson@2023
samanthamiller@example.com Samantha Miller SMiller#567
matthewdavis@example.com Matthew Davis M@tthewDav!s
ashleytaylor@example.com Ashley Taylor Tayl0rAshley
danielmartinez@example.com Daniel Martinez D@nielMtz21
oliviawhite@example.com Olivia White WhiteOlivia123
benjaminlee@example.com Benjamin Lee LeeBenji!98
johndoe@example.com John Doe J0hnD03#!
sarahsmith@example.com Sarah Smith S@r@hSmi7h
alexjohnson@example.com Alex Johnson Al3xJ0hn$on
emilywilson@example.com Emily Wilson 3milyW1ls0n
ryanmiller@example.com Ryan Miller RMiller_1985
lauradavis@example.com Laura Davis L@ur@D@vis22
chrisbrown@example.com Chris Brown CBrown!23
jennifertaylor@example.com Jennifer Taylor J3nn!T@yl0r
mikedaniels@example.com Mike Daniels D@nielsM1k3
amandawhite@example.com Amanda White @mand@Wh1t3
ethanwilliams@example.com Ethan Williams W1ll14m$!
sophiamartin@example.com Sophia Martin $oph14M@rt1n
jasonthomas@example.com Jason Thomas J@sonTh0m@$
annawilson@example.com Anna Wilson W!lson@nna
davidsmith@example.com David Smith D@v1dSm!th#
mariabrown@example.com Maria Brown M@ri@Br0wn
andrewjackson@example.com Andrew Jackson @ndr3wJ@cks0n
elizabethharris@example.com Elizabeth Harris 3liz@bethH@rr1s
williamjones@example.com William Jones W!ll!@mJ0n3$
jessicathomas@example.com Jessica Thomas J3$$!c@Th0m@$
lisawilliams@example.com Lisa Williams L1$@W1ll!@m$
robertjohnson@example.com Robert Johnson R0b3rtJ0hn$0n
hannahdavis@example.com Hannah Davis H@nn@hD@v1$123
ryansmith@example.com Ryan Smith Sm1thRy@n!
sophiebrown@example.com Sophie Brown $0ph!3Br0wn#
adamwilson@example.com Adam Wilson @d@mW!l$0n
emmawhite@example.com Emma White 3mm@Wh!t3$
jacobmiller@example.com Jacob Miller J@c0bM!ll3r!
miajones@example.com Mia Jones M!@J0n3$
lucaswilliams@example.com Lucas Williams LuC@sW1ll!@m$
emilysmith@example.com Emily Smith 3m!lY$M!th@
nathanjohnson@example.com Nathan Johnson N@th@nJ0hn$0n
madisonmartin@example.com Madison Martin M@d!$0nM@rt!n!
ethanbrown@example.com Ethan Brown 3th@nBr0wn$
emilydavis@example.com Emily Davis 3m!lYD@v!$
matthewtaylor@example.com Matthew Taylor M@tt3wT@yl0r!
oliviamiller@example.com Olivia Miller 0l!v!@M!ll3r
lucywilson@example.com Lucy Wilson LuCyW!ls0n@
danieljones@example.com Daniel Jones D@n!3lJ0n3$
sarahjohnson@example.com Sarah Johnson $@r@hJ0hn$0n
sophieanderson@example.com Sophie Anderson S0ph!3@nd3rs0n
jackmiller@example.com Jack Miller J@ckM!ll3r#
elliebrown@example.com Ellie Brown 3ll!3Br0wn@
samuelwilson@example.com Samuel Wilson S@muelW!ls0n!
gracejones@example.com Grace Jones Gr@c3J0n3$
oliverdavis@example.com Oliver Davis 0l!v3rD@v!$
emilyroberts@example.com Emily Roberts 3m!lyR0b3rt$
charliethomas@example.com Charlie Thomas Ch@rl!3Th0m@s#
isabellajackson@example.com Isabella Jackson !$@b3ll@J@cks0n
harrywilson@example.com Harry Wilson H@rrYW!ls0n@
sophiamitchell@example.com Sophia Mitchell $0ph!@M!tch3ll
williamharris@example.com William Harris W!ll!@mH@rr!$
evamartinez@example.com Eva Martinez 3v@M@rt!n3z
lucasdavies@example.com Lucas Davies LuC@sD@v!3$
ameliacampbell@example.com Amelia Campbell @m3l!@C@mpb3ll
maxturner@example.com Max Turner M@xT!rn3r#
chloecooper@example.com Chloe Cooper Chl03C00p3r$
liamlambert@example.com Liam Lambert L!@mL@mb3rt!
isabelletaylor@example.com Isabelle Taylor !$@b3ll3T@yl0r
jacobbailey@example.com Jacob Bailey J@c0bB@!l3y@
emmarobinson@example.com Emma Robinson 3mm@R0b!ns0n
alfiesanchez@example.com Alfie Sanchez @lf!3S@nch3z
rubymurphy@example.com Ruby Murphy RubyM!rphy123
finnhughes@example.com Finn Hughes F!nnHu9h3$
ellielawrence@example.com Ellie Lawrence 3ll!3L@wrenc3
joshuawoods@example.com Joshua Woods J0$hu@W00d$
poppyross@example.com Poppy Ross P0ppyR0$$123
dylanedwards@example.com Dylan Edwards Dyl@nEdw@rd$
matildawatson@example.com Matilda Watson M@t!ld@W@t$0n
loganjones@example.com Logan Jones L0g@nJ0n3$
islaelliott@example.com Isla Elliott !$l@3ll!0tt#
jaydenphillips@example.com Jayden Phillips J@yd3nP!ll!p$
evieharrison@example.com Evie Harrison 3v!3H@rr!s0n@
noahgraham@example.com Noah Graham N04hGr@h@m!
rosieshaw@example.com Rosie Shaw R0$!3$h@w123
harveywilliams@example.com Harvey Williams H@rv3yW!ll!@m$
zoesaunders@example.com Zoe Saunders Z03$@und3r$
alexanderking@example.com Alexander King @l3x@nd3rK!ng#
elizabethwright@example.com Elizabeth Wright 3l!z@b3thWr!ght
tommyfoster@example.com Tommy Foster T0mmYF0$ter@
hannahhunter@example.com Hannah Hunter H@nn@hHunt3r!
jakebrown@example.com Jake Brown J@k3Br0wn123
ellierichardson@example.com Ellie Richardson 3ll!3R!ch@rd$0n
masonbennett@example.com Mason Bennett M@$0nB3nn3tt$
lilywood@example.com Lily Wood L!lyW00d#
oscarreid@example.com Oscar Reid 0$c@rR3!d@
miaevans@example.com Mia Evans M!@3v@n$
ethanjackson@example.com Ethan Jackson 3th@nJ@ck$0n!
isabelleparker@example.com Isabelle Parker !$@b3ll3P@rk3r#
archiesullivan@example.com Archie Sullivan @rch!3$ull!v@n$
sophieadams@example.com Sophie Adams S0ph!3@d@m$
jackrobinson@example.com Jack Robinson J@ckR0b!n$0n#
elliephillips@example.com Ellie Phillips 3ll!3Ph!ll!p$
samuelturner@example.com Samuel Turner S@muelT!rn3r@
gracecampbell@example.com Grace Campbell Gr@c3C@mpb3ll!
oliverharris@example.com Oliver Harris 0l!v3rH@rr!$
emilyedwards@example.com Emily Edwards 3m!lyEdw@rd$
charliemorris@example.com Charlie Morris Ch@rl!3M0rr!$
isabellaclark@example.com Isabella Clark !$@b3ll@Cl@rk#
harryjackson@example.com Harry Jackson H@rrYJ@ck$0n!
sophiawood@example.com Sophia Wood S0ph!@W00d#
williamgreen@example.com William Green W!ll!@mGr33n$
evabutler@example.com Eva Butler 3v@Butl3r!
lucasroberts@example.com Lucas Roberts LuC@$R0b3rt$
ameliamiller@example.com Amelia Miller @m3l!@M!ll3r#
maxwilson@example.com Max Wilson M@xW!ls0n@
chloejames@example.com Chloe James Chl03J@m3$
liamharrison@example.com Liam Harrison L!@mH@rr!$0n!
isabellegreen@example.com Isabelle Green !$@b3ll3Gr33n#
jacobmurphy@example.com Jacob Murphy J@c0bM!rphy$
emmagrant@example.com Emma Grant 3mm@Gr@nt!
alfiecox@example.com Alfie Cox @lf!3C0x#
rubyrogers@example.com Ruby Rogers RubyR0g3r$
finnjones@example.com Finn Jones F!nnJ0n3$
elliebaker@example.com Ellie Baker 3ll!3B@k3r@
joshuahill@example.com Joshua Hill J0$h@H!ll#
poppywalker@example.com Poppy Walker P0ppyW@lk3r!
dylanprice@example.com Dylan Price Dyl@nPric3$
matildarichards@example.com Matilda Richards M@t!ld@R!ch@rd$
logancook@example.com Logan Cook L0g@nC00k#
islamurphy@example.com Isla Murphy !$l@M!rphy123
jaydenrobinson@example.com Jayden Robinson J@yd3nR0b!n$0n
eviecollins@example.com Evie Collins 3v!3C0ll!n$
noahstewart@example.com Noah Stewart N04hSt3w@rt$
rosiehill@example.com Rosie Hill R0$!3H!ll#
harveywright@example.com Harvey Wright H@rv3yWr!ght!
zoewatson@example.com Zoe Watson Z03W@t$0n!
alexandergordon@example.com Alexander Gordon @l3x@nd3rG0rd0n#
elizabethmason@example.com Elizabeth Mason 3l!z@b3thM@$0n$
tommykelly@example.com Tommy Kelly T0mmYK3lly@
hannahward@example.com Hannah Ward H@nn@hW@rd123
jakeparker@example.com Jake Parker J@k3P@rk3r!
elliegraham@example.com Ellie Graham 3ll!3Gr@h@m#
masonrobertson@example.com Mason Robertson M@$0nR0b3rt$0n
lilywright@example.com Lily Wright L!lYWright!
oscarmitchell@example.com Oscar Mitchell 0$c@rM!tch3ll#
miajohnston@example.com Mia Johnston M!@J0hn$t0n$
ethanbutler@example.com Ethan Butler 3th@nButl3r#
isabellamurray@example.com Isabella Murray !$@b3ll@Murr@y$
archiebarnes@example.com Archie Barnes @rch!3B@rn3$
zephyrsunshine@example.com Zephyr Sunshine Z3phYrSun$h!n3
belladarkmoon@example.com Bella Darkmoon B3ll@D@rkm00n!
xandercryptkeeper@example.com Xander Cryptkeeper X@nd3rCrYptk33p3r#
lunamysticstorm@example.com Luna Mysticstorm Lun@Myst!c$T0rm
azuraenigmacipher@example.com Azura Enigmacipher @zur@3n!gm@c!ph3r
magnusvoidwalker@example.com Magnus Voidwalker M@gnu$V0!dw@lk3r
euphoriadreamweaver@example.com Euphoria Dreamweaver 3uph0r!@Dr34mW3@v3r
octaviaspectralflame@example.com Octavia Spectralflame 0ct@v!@$p3ctr@lfl@m3
zenobialunarwhisper@example.com Zenobia Lunarwhisper Z3n0b!@Lun@rw!$p3r
cosmocelestial@example.com Cosmo Celestial C0$moC3l3$T!@l
eldrithstormbringer@example.com Eldrith Stormbringer 3ldr!th$T0rmbr!ng3r
aureliamoonshadow@example.com Aurelia Moonshadow @ur3l!@M00n$h@d0w
zoltanblazefire@example.com Zoltan Blazefire Z0lt@nBl@z3f!r3
seraphinenebula@example.com Seraphine Nebula $3r@ph!n3N3bul@
ragnarokthunderstorm@example.com Ragnarok Thunderstorm R@gn@r0kThund3r$t0rm
sylviacrystalgazer@example.com Sylvia Crystalgazer $ylv!@CrY$t@lg@z3r
nocturnaesoteric@example.com Nocturna Esoteric N0cturn@3$0t3r!c
xerxesnightfall@example.com Xerxes Nightfall X3rx3$N!ghtf@ll
morpheusdreamwielder@example.com Morpheus Dreamwielder M0rph3u$Dr34mw!3ld3r
xanthechimerical@example.com Xanthe Chimerical X@nth3Ch!m3r!c@l
sablephantomshade@example.com Sable Phantomshade $@bl3Ph@nt0m$H@d3
orpheusshadowcaster@example.com Orpheus Shadowcaster 0rph3u$Sh@d0wC@st3r
nyxfrostbane@example.com Nyx Frostbane NyxFr0$tb@n3
lokiwhisperwind@example.com Loki Whisperwind L0k!Wh!$p3rw!nd
persephoneeternalnight@example.com Persephone Eternalnight P3r$3ph0n33t3rn@ln!ght
malachimoonbeam@example.com Malachi Moonbeam M@l@ch!M00nb34m
seleneenchantress@example.com Selene Enchantress $3l3n3Ench@ntr3$$
asteriadeepsea@example.com Asteria Deepsea @$t3r!@D33p$3@
sorenwhisperblade@example.com Soren Whisperblade $0r3nWh!$p3rbl@d3
lysandertwilightbane@example.com Lysander Twilightbane Ly$@nd3rTw!l!ghtb@n3
elektrablackstar@example.com Elektra Blackstar 3l3ktr@Bl@ck$t@r
khaosnightsong@example.com Khaos Nightsong Kh@o$N!ght$0ng
nebulaastromancer@example.com Nebula Astromancer N3bul@A$tr0m@nc3r
eldritchgrimreaper@example.com Eldritch Grimreaper 3ldr!tchGr!mr34p3r
silvianightwhisper@example.com Silvia Nightwhisper $!lv!@N!ghtwh!$p3r
vesperskullcrusher@example.com Vesper Skullcrusher V3$p3r$kullcru$h3r
xanthusvoidwalker@example.com Xanthus Voidwalker X@nthu$V0!dw@lk3r
selenaethereal@example.com Selena Ethereal $3l3n@3th3r34l
celestiaspellweaver@example.com Celestia Spellweaver C3l3$t!@$p3llw34v3r
calypsoarcane@example.com Calypso Arcane C@lyp$0@rc@n3
phoenixembersoul@example.com Phoenix Embersoul Ph03n!x3mb3r$0ul
morriganwraithbane@example.com Morrigan Wraithbane M0rr!g@nWr@!thb@n3
stellarnightshade@example.com Stellar Nightshade$T3ll@rN!ght$h@d3
cyrussilvershadow@example.com Cyrus Silvershadow Cyru$Silv3r$h@d0w
lunalovegood@example.com Luna Lovegood Lun@L0v3g00d!
malikdreadheart@example.com Malik Dreadheart M@l!kDr34dh34rt
lilithshadowcaster@example.com Lilith Shadowcaster L!l!thSh@d0wc@$t3r
perseusstormcaller@example.com Perseus Stormcaller P3rs3u$St0rmc@ll3r
aurorabloodmoon@example.com Aurora Bloodmoon @ur0r@Bl00dm00n
marcellusmoonshadow@example.com Marcellus Moonshadow M@rc3llu$M00n$h@d0w